copy,copy
linux,linux
scroll,scroll
text string,text string
The Program,The Program
unix,unix
machines,machines
modification,modification
columns,columns
history substitution,history substitution
some,some
comparison,comparison
lw,lw
time,time
name,name
worth,worth
same,same
calls,calls
text,text
cmdn,cmdn
assignment,assignment
leds,leds
input/output redirection,input/output redirection
file scroll.s),file scroll.s)
each,each
work,work
glob_tilde,glob_tilde
Exercise,Exercise
input strings,input strings
spim,spim
buffer,buffer
templates,templates
array,array
command path,command path
command history,command history
scroll repeat,scroll repeat
filename expansion,filename expansion
epilogues,epilogues
cases,cases
tute solutions,tute solutions
epilogue,epilogue
isupper,isupper
marks9,marks9
prologue,prologue
home machine,home machine
executable file,executable file
pipelines,pipelines
numbers,numbers
any,any
fun,fun
others,others
versions,versions
history list functions,history list functions
indentation,indentation
notation,notation
isupper todo,isupper todo
working directory,working directory
stack,stack
hyphens,hyphens
logic,logic
exercise,exercise
version,version
argument,argument
rundown,rundown
actions,actions
purpose,purpose
end,end
spaces,spaces
todo,todo
search,search
use,use
whole,whole
contents,contents
text strings,text strings
hint,hint
data structures,data structures
c statement,c statement
zip file,zip file
scroll.s file,scroll.s file
command executable,command executable
syntax errors,syntax errors
executable,executable
something,something
opcodes,opcodes
repeat,repeat
webcms3,webcms3
interface functions,interface functions
command-line argument,command-line argument
block,block
interface,interface
assembler,assembler
shell,shell
hand end,hand end
performance mark,performance mark
cat step,cat step
command-line argument checking,command-line argument checking
examples,examples
ch,ch
commands,commands
mark,mark
group,group
text computer system fundamentals,text computer system fundamentals
makefile,makefile
Running the program,Running the program
system,system
function body,function body
task,task
goal,goal
gcc,gcc
stdin,stdin
control structures,control structures
z,z
difference,difference
shells,shells
implementation,implementation
scrolling,scrolling
part,part
scrolling program,scrolling program
matches,matches
way,way
binary,binary
somewhere,somewhere
course mark,course mark
sequence number,sequence number
chars,chars
web site,web site
sight,sight
experience,experience
chars.s file,chars.s file
sp,sp
skeleton,skeleton
execve,execve
scroll.s,scroll.s
auto-testing,auto-testing
mips assembler,mips assembler
mymysh program,mymysh program
suggestions,suggestions
sequence,sequence
bugs,bugs
give,give
computer system fundamentals,computer system fundamentals
guide,guide
diagram,diagram
marks,marks
grid,grid
showdisplay function,showdisplay function
mips,mips
statement,statement
week 08 lab,week 08 lab
all_chars,all_chars
mapping,mapping
frame,frame
compilation,compilation
letters,letters
video,video
command-line,command-line
stages,stages
revision,revision
components,components
performance tests,performance tests
file,file
Background,Background
feel,feel
assignment 2 my very,assignment 2 my very
display,display
prompt,prompt
colour change,colour change
setupdisplay function,setupdisplay function
colours,colours
c program,c program
style,style
history.c,history.c
delay,delay
starting_pos,starting_pos
data structure,data structure
tutor,tutor
names,names
exe.s file,exe.s file
marks11,marks11
tokens list,tokens list
Submission,Submission
features,features
content,content
path,path
right,right
registers,registers
translation,translation
example,example
seqno,seqno
number,number
getcwd,getcwd
command line,command line
line,line
dueby,dueby
lab,lab
scroll.,scroll.
command history list data structures,command history list data structures
Setting Up,Setting Up
token,token
order,order
command,command
c files,c files
stdout,stdout
following,following
kudos,kudos
instructions,instructions
test cases,test cases
instance,instance
⎵,⎵
thestring,thestring
elsewhere,elsewhere
representation,representation
left,left
basis,basis
home,home
characters,characters
parameter,parameter
clobbers,clobbers
function prologues,function prologues
words,words
ambiguities,ambiguities
animation,animation
wexitstatus,wexitstatus
function code,function code
file chars.s,file chars.s
files,files
la,la
component,component
column,column
ls command,ls command
modules,modules
aim,aim
bash,bash
practice,practice
lines,lines
code,code
submitgive,submitgive
programs,programs
programming capability,programming capability
pipes,pipes
Hints,Hints
processes,processes
format,format
qtspim,qtspim
sessions,sessions
variables,variables
pipeline,pipeline
pathname,pathname
ceiling,ceiling
ls,ls
glob_nocheck,glob_nocheck
solution,solution
testing,testing
access,access
break directive,break directive
cse,cse
comp2041,comp2041
shell program,shell program
one,one
assessment,assessment
c code,c code
~cs1521/bin,~cs1521/bin
input,input
built-ins,built-ins
text file,text file
design choices,design choices
return status,return status
above,above
communication,communication
changes,changes
program,program
args,args
mips programs,mips programs
effects,effects
space character,space character
exemplar,exemplar
users,users
argument load,argument load
display buffer,display buffer
length,length
webcms,webcms
directory,directory
screen,screen
command pipelines,command pipelines
user,user
glob,glob
islower,islower
assembler program,assembler program
c statements,c statements
shops,shops
mips program,mips program
paragraph,paragraph
list,list
cmd2,cmd2
bug,bug
functions,functions
library function,library function
behaviour,behaviour
environment,environment
cmd1,cmd1
function,function
comment,comment
tokens,tokens
e.g. bash,e.g. bash
c.,c.
output,output
details,details
each function,each function
sequence numbers,sequence numbers
bge,bge
scroll.c,scroll.c
range,range
blt,blt
c,c
shell prompt,shell prompt
bigstring,bigstring
history,history
message scrolls,message scrolls
course,course
filename,filename
file exe.s,file exe.s
program skeleton,program skeleton
information,information
message,message
performance,performance
text scrolls,text scrolls
lot,lot
comp1521,comp1521
assembler part,assembler part
machine,machine
lectures,lectures
assembly code,assembly code
command lines,command lines
string,string
assignment files,assignment files
auto-testing mark,auto-testing mark
command-line arguments,command-line arguments
pipe,pipe
Challenge,Challenge
command name,command name
mymysh,mymysh
set,set
data,data
errors,errors
sample executable,sample executable
comments,comments
all,all
space,space
error,error
status,status
Challenges,Challenges
chdir,chdir
exit,exit
executions,executions
history list data,history list data
