exercises,exercises
course notes,course notes
workload,workload
profile settings logout,profile settings logout
suggestions,suggestions
ones,ones
pair,pair
submission,submission
goal,goal
mapping c,mapping c
processes,processes
mixture,mixture
myexperience,myexperience
course members,course members
vincent chen lab assistant,vincent chen lab assistant
course summary,course summary
request,request
laboratory class,laboratory class
pairs,pairs
enquiry,enquiry
foundation,foundation
comp1511,comp1511
beyond,beyond
web pages,web pages
collection,collection
page,page
advice,advice
bit manipulation,bit manipulation
courseworkmark,courseworkmark
depth,depth
advance,advance
rimmal nadeem tutor,rimmal nadeem tutor
practice prac exam,practice prac exam
 Course Summary , Course Summary 
welcome,welcome
policy,policy
assembler programs,assembler programs
 !! Important !! , !! Important !! 
classes,classes
knowledge,knowledge
student representatives,student representatives
lab classes,lab classes
components,components
unsw bookstore,unsw bookstore
mips assembler assembly programming,mips assembler assembly programming
tutor,tutor
uf,uf
gal aharon tutor,gal aharon tutor
following,following
benjamin close,benjamin close
lecture notes,lecture notes
instruction set architecture,instruction set architecture
w11b,w11b
consideration,consideration
environment,environment
c revision,c revision
 Course Schedule , Course Schedule 
view submissions,view submissions
 Teaching Strategies and Rationale , Teaching Strategies and Rationale 
floats,floats
a,a
lecture slides,lecture slides
circumstances,circumstances
communication,communication
tutorials,tutorials
dylan brotherston tutor,dylan brotherston tutor
detail,detail
culture,culture
rules,rules
assignments,assignments
yale n. patt,yale n. patt
laboratory classes,laboratory classes
zachary partridge,zachary partridge
kris choy,kris choy
c programming,c programming
finalgrade,finalgrade
bugs,bugs
reflection,reflection
oss,oss
machine,machine
privacy,privacy
activities,activities
lecture,lecture
suspension,suspension
title computer systems fundamentals,title computer systems fundamentals
fl,fl
development,development
pace,pace
tutes,tutes
equity,equity
others,others
course details,course details
timetable,timetable
network architecture parallelism,network architecture parallelism
i/o file system,i/o file system
caspian,caspian
member,member
groups,groups
marlene baquiran tutor,marlene baquiran tutor
blog,blog
commitment,commitment
assignment files,assignment files
computing,computing
reduction,reduction
emmet murray tutor,emmet murray tutor
programming assignments,programming assignments
nand2tetris,nand2tetris
the elements of computing systems: building a modern computer,the elements of computing systems: building a modern computer
mapping,mapping
jashank jeremy course admin,jashank jeremy course admin
exampracmark,exampracmark
some,some
credit,credit
harrison scott tutor,harrison scott tutor
assignments submissions,assignments submissions
lectures,lectures
prentice-hall,prentice-hall
questions,questions
library,library
documentation,documentation
examok && finalmark,examok && finalmark
settings,settings
aydin itil tutor,aydin itil tutor
concurrency concepts,concurrency concepts
heather cox,heather cox
q,q
responsibilities,responsibilities
capabilities,capabilities
lab exercise,lab exercise
introduction,introduction
bullying,bullying
code reviews,code reviews
data representation,data representation
los,los
 Course Evaluation and Development , Course Evaluation and Development 
web,web
course,course
course work,course work
course score,course score
rationale,rationale
members,members
kevin luxa,kevin luxa
view,view
units,units
plagiarism,plagiarism
assessment,assessment
paragraph,paragraph
exclusion,exclusion
person,person
data,data
way,way
effort,effort
benjamen lee tutor,benjamen lee tutor
reason,reason
semester,semester
tue 2-4 science th,tue 2-4 science th
rights,rights
grade system,grade system
results,results
amount,amount
things,things
courses,courses
gates,gates
misadventure,misadventure
part,part
synchronisation,synchronisation
addo wondo tutor,addo wondo tutor
lab class,lab class
forums,forums
course code comp1521,course code comp1521
f13b,f13b
grade,grade
exam environment,exam environment
material,material
 Blogs , Blogs 
unsw3+,unsw3+
students,students
 Laboratory Classes , Laboratory Classes 
plagiarism policy statement,plagiarism policy statement
quiz 6,quiz 6
a+ outstanding,a+ outstanding
citizens,citizens
opportunity,opportunity
assembly programming,assembly programming
first principles,first principles
penalty,penalty
principles,principles
none,none
ignorance,ignorance
innovation,innovation
grade criteria,grade criteria
software,software
lecturer,lecturer
operating systems,operating systems
c,c
terms,terms
penalties,penalties
hurdle requirement,hurdle requirement
lectures tutes labs assigns quizzes,lectures tutes labs assigns quizzes
component,component
profile,profile
cse directory,cse directory
 Lectures , Lectures 
scholars,scholars
adam tanana,adam tanana
tools,tools
software layers,software layers
admin wael alghamdi,admin wael alghamdi
computer systems architecture,computer systems architecture
hayden le tutor,hayden le tutor
respect,respect
queues,queues
lab exercises,lab exercises
simon shields tutor,simon shields tutor
condition,condition
teaching strategies,teaching strategies
 Assignments , Assignments 
misconduct,misconduct
theory,theory
salil kanhere,salil kanhere
professionals,professionals
feedback,feedback
18s1 offering,18s1 offering
nhat nguyen,nhat nguyen
randal e. bryant,randal e. bryant
concurrent,concurrent
summary,summary
potential,potential
machine language,machine language
style,style
week x,week x
teaching,teaching
comp3900,comp3900
practice,practice
mitchell shelton,mitchell shelton
university,university
assessments,assessments
honesty,honesty
code,code
premises,premises
 Special Consideration , Special Consideration 
disability services,disability services
austin tankiang,austin tankiang
oliver richards tutor,oliver richards tutor
permissions,permissions
systems,systems
home,home
jingling xue course admin,jingling xue course admin
safety,safety
concerns,concerns
techniques,techniques
angela finlayson tutor,angela finlayson tutor
examples,examples
structures,structures
analysis,analysis
time,time
programs,programs
concepts,concepts
course website,course website
student code of conduct,student code of conduct
mode,mode
networks,networks
all,all
sum,sum
lab component,lab component
class,class
behaviour,behaviour
jesse colville tutor,jesse colville tutor
spare revision revision,spare revision revision
features,features
ethan jones lab assistant,ethan jones lab assistant
myunsw,myunsw
links,links
help sessions,help sessions
marks,marks
coordination,coordination
noam nisan,noam nisan
sources,sources
much,much
perspective,perspective
give,give
school ethics officer,school ethics officer
mark,mark
course intro,course intro
text book,text book
community,community
another,another
parallelism,parallelism
 Final Mark , Final Mark 
programming tasks,programming tasks
complaints,complaints
learning,learning
piece,piece
extension,extension
offerings,offerings
lab partner,lab partner
david r. o'hallaron,david r. o'hallaron
john shepherd,john shepherd
 Final Exam , Final Exam 
areas,areas
copies,copies
supplementary exam,supplementary exam
functions,functions
plagiarism procedure,plagiarism procedure
challenge exercises,challenge exercises
variety,variety
something,something
most,most
 Resources for Students , Resources for Students 
research,research
critique,critique
student code policy,student code policy
exam,exam
technologies,technologies
final exam,final exam
responsibility,responsibility
mcgraw hill,mcgraw hill
james o'brien tutor,james o'brien tutor
web site,web site
words,words
case,case
tammy zhong,tammy zhong
assembly language programming,assembly language programming
topics,topics
exam timetable,exam timetable
connor o'shea,connor o'shea
roll generation,roll generation
above,above
michael kedar,michael kedar
set,set
group types,group types
adam stucci tutor,adam stucci tutor
assembly language,assembly language
file systems,file systems
order,order
comp1911,comp1911
course outline,course outline
implementation tasks,implementation tasks
standards,standards
use,use
challenges,challenges
diversity,diversity
purpose,purpose
jake fitzgerald tutor,jake fitzgerald tutor
consideration request,consideration request
books,books
context,context
quiz,quiz
shanush,shanush
infrastructure,infrastructure
 Tutorials , Tutorials 
examok,examok
sockets ass2,sockets ass2
james ye tutor,james ye tutor
lab marks,lab marks
level,level
understanding,understanding
technology base,technology base
may,may
demonstrations,demonstrations
word,word
jason chu lab assistant,jason chu lab assistant
lecture material,lecture material
lab,lab
basis,basis
lab assistant,lab assistant
course evaluation,course evaluation
b,b
lab work,lab work
adts,adts
capability,capability
computer systems,computer systems
principle,principle
layers,layers
integrity,integrity
data objects,data objects
usefulness,usefulness
sample exams,sample exams
start,start
approach,approach
policies,policies
problem,problem
lab mark,lab mark
class info,class info
mips,mips
work,work
solution,solution
excuse,excuse
ellen oates tutor,ellen oates tutor
network,network
system,system
assignment specification,assignment specification
toggle menu,toggle menu
labs,labs
quiz marks,quiz marks
comp9321,comp9321
procedures,procedures
study,study
values,values
compilation,compilation
student misconduct procedure,student misconduct procedure
videos,videos
junjie lei lab assistant,junjie lei lab assistant
curtis millar tutor,curtis millar tutor
course schedule,course schedule
bonus,bonus
staff,staff
carey li lab assistant,carey li lab assistant
answers,answers
experience,experience
quizmark,quizmark
michael yoo tutor,michael yoo tutor
learning outcomes,learning outcomes
tutorial,tutorial
conditions,conditions
mit press,mit press
problems,problems
hurdle,hurdle
tute/lab,tute/lab
john shepherd lecturer,john shepherd lecturer
leaders,leaders
breach,breach
comments,comments
programmer,programmer
grievance officer,grievance officer
many,many
resources,resources
quiz 4,quiz 4
assignment,assignment
debug,debug
chance,chance
wael alghamdi course admin,wael alghamdi course admin
tute,tute
assembly language programming data representation,assembly language programming data representation
revision practice prac exam,revision practice prac exam
 Assumed Knowledge , Assumed Knowledge 
change,change
illness,illness
novel,novel
resource,resource
bonus mark,bonus mark
daniel li tutor,daniel li tutor
logout,logout
social media,social media
student conduct,student conduct
anna zhang tutor,anna zhang tutor
attendance,attendance
ability,ability
code repository,code repository
text,text
errors,errors
use pointers,use pointers
one,one
sanjay j. patel,sanjay j. patel
enrolment,enrolment
ass1,ass1
dean wunder lab assistant,dean wunder lab assistant
c programming language,c programming language
file system functions,file system functions
finalmark,finalmark
pages,pages
computer architecture,computer architecture
consultations,consultations
section,section
minjie shen,minjie shen
prema thasarathan tutor,prema thasarathan tutor
information,information
improvement,improvement
ideas,ideas
 Learning Outcomes , Learning Outcomes 
examtheorymark,examtheorymark
bits input/output,bits input/output
stacks,stacks
tutors,tutors
mathews a timetable,mathews a timetable
unsw,unsw
anyone,anyone
facebook,facebook
shimon schocken,shimon schocken
memory,memory
skills,skills
exammark,exammark
joel nasrallah tutor,joel nasrallah tutor
half,half
nicholas hiebl tutor,nicholas hiebl tutor
d,d
lance young,lance young
quizzes,quizzes
bits,bits
cse,cse
session,session
classes lectures,classes lectures
